{"cameraMode":{"drawMode":0,"name":"Shaded","section":"Shading Mode"},"sceneLighting":true,"audioPlay":false,"sceneViewState":{"m_AlwaysRefresh":false,"showFog":true,"showSkybox":true,"showFlares":true,"showImageEffects":true,"showParticleSystems":true,"showVisualEffectGraphs":true,"m_FxEnabled":true},"in2DMode":false,"pivot":{"x":0.19590306282043458,"y":-3.2819366455078127,"z":2.0513033866882326},"rotation":{"x":-0.2825466990470886,"y":0.5263700485229492,"z":-0.1909479796886444,"w":-0.7788734436035156},"size":15.478614807128907,"orthographic":false}